{"cameraMode":{"drawMode":0,"name":"Shaded","section":"Shading Mode"},"sceneLighting":true,"audioPlay":false,"sceneViewState":{"m_AlwaysRefresh":false,"showFog":true,"showSkybox":true,"showFlares":true,"showImageEffects":true,"showParticleSystems":true,"showVisualEffectGraphs":true,"m_FxEnabled":true},"in2DMode":false,"pivot":{"x":-2.0016913414001467,"y":-3.3671445846557619,"z":6.500003814697266},"rotation":{"x":-0.2164413183927536,"y":0.14927922189235688,"z":-0.033508725464344028,"w":-0.9642342925071716},"size":14.918067932128907,"orthographic":false}